S.No,Name of City,lat,lng
1,Mumbai,18.94018,72.83484
2,Delhi,28.63409,77.21693
3,Bengaluru,12.96614,77.58694
4,Ahmedabad,23.02778,72.60026
5,Hyderabad,17.3949,78.47073
6,Chennai,13.08376,80.28256
7,Kolkata,22.57059,88.37133
8,Pune,18.50419,73.85286
9,Jaipur,26.92591,75.80673
10,Surat,21.18584,72.83667
11,Lucknow,26.85471,80.92135
12,Kanpur,26.43562,80.32987
13,Nagpur,21.15707,79.08209
14,Patna,25.60129,85.13752
15,Indore,22.71622,75.86512
16,Thane,19.18781,72.97256
17,Bhopal,23.26466,77.40521
18,Visakhapatnam,17.71984,83.26284
19,Vadodara,22.30948,73.1799
20,Firozabad,27.15211,78.39466
21,Ludhiana,30.90726,75.8492
22,Rajkot,22.29715,70.80156
23,Agra,27.19219,78.00005
24,Siliguri,26.73246,88.40883
25,Nashik,19.99511,73.79641
26,Faridabad,28.39262,77.31268
27,Patiala,30.34706,76.39419
28,Meerut,28.99862,77.70459
29,Kalyan-Dombivali,19.21547,73.09492
30,Vasai-Virar,34.92794,134.84166
31,Varanasi,25.33285,82.99658
32,Srinagar,34.08442,74.7991
33,Dhanbad,23.79595,86.4306
34,Jodhpur,26.26694,73.03049
35,Amritsar,31.63347,74.87507
36,Raipur,21.24402,81.6348
37,Allahabad,25.43609,81.84718
38,Coimbatore,10.99415,76.96629
39,Jabalpur,23.17416,79.93135
40,Gwalior,26.22011,78.1762
41,Vijayawada,16.50256,80.63975
42,Madurai,9.92418,78.12416
43,Guwahati,26.17723,91.75414
44,Chandigarh,30.7036,76.78967
45,Hubli-Dharwad,15.35046,75.13739
46,Amroha,28.87696,78.46851
47,Moradabad,28.8396,78.7599
48,Gurgaon,28.47717,77.06846
49,Aligarh,27.88636,78.07375
50,Solapur,17.65809,75.90678
51,Ranchi,23.35065,85.31374
52,Jalandhar,31.33081,75.59003
53,Tiruchirappalli,10.80605,78.69476
54,Bhubaneswar,20.2688,85.84098
55,Salem,44.93326,-123.04381
56,Warangal,17.98405,79.60203
57,Mira-Bhayandar,19.27414,72.91311
58,Thiruvananthapuram,8.50525,76.95144
59,Bhiwandi,19.29711,73.06349
60,Saharanpur,29.96569,77.54607
61,Guntur,16.29533,80.44267
62,Amravati,20.93373,77.75941
63,Bikaner,28.01649,73.31183
64,Noida,28.53342,77.3819
65,Jamshedpur,22.78183,86.21247
66,Bhilai Nagar,21.22074,81.37976
67,Cuttack,20.46654,85.89613
68,Kochi,33.55873,133.53106
69,Udaipur,24.58702,73.69845
70,Bhavnagar,21.77524,72.14925
71,Dehradun,30.3097,78.04891
72,Asansol,23.6856,86.97926
73,Nanded-Waghala,19.15571,77.31096
74,Ajmer,26.46554,74.63173
75,Jamnagar,22.46961,70.07358
76,Ujjain,23.18088,75.78813
77,Sangli,16.85083,74.58888
78,Loni,28.75839,77.28393
79,Jhansi,25.4486,78.56956
80,Pondicherry,11.92993,79.8247
81,Nellore,14.43956,79.99352
82,Jammu,32.70267,74.87843
83,Belagavi,15.86704,74.51162
84,Raurkela,22.22972,84.86077
85,Mangaluru,12.89785,74.84544
86,Tirunelveli,8.72641,77.7335
87,Malegaon,20.5546,74.53399
88,Gaya,24.78497,84.99271
89,Tiruppur,11.08942,77.36261
90,Davanagere,14.4593,75.91528
91,Kozhikode,11.2588,75.78094
92,Akola,20.70535,77.00218
93,Kurnool,15.82551,78.03012
94,Bokaro Steel City,23.65912,86.13715
95,Rajahmundry,16.99572,81.80267
96,Ballari,15.14468,76.92893
97,Agartala,23.8292,91.29058
98,Bhagalpur,25.24186,86.9863
99,Latur,18.40044,76.56379
100,Dhule,20.90286,74.7725
101,Korba,22.36717,82.71378
102,Bhilwara,25.35187,74.63221
103,Brahmapur,19.31194,84.80337
104,Mysore,12.30902,76.65306
105,Muzaffarpur,26.11512,85.38082
106,Ahmednagar,19.09211,74.73842
107,Kollam,8.88686,76.59228
108,Raghunathganj,21.95091,86.73769
109,Bilaspur,22.0785,82.14016
110,Shahjahanpur,27.85574,79.91809
111,Thrissur,10.51082,76.21121
112,Alwar,27.55619,76.61238
113,Kakinada,16.96428,82.23785
114,Nizamabad,18.67746,78.09617
115,Sagar,23.84315,78.74272
116,Tumkur,13.34054,77.10157
117,Hisar,29.13888,75.73597
118,Rohtak,28.89764,76.57446
119,Panipat,29.3929,76.9686
120,Darbhanga,26.15516,85.89044
121,Kharagpur,22.32834,87.2516
122,Aizawl,23.74129,92.71266
123,Ichalkaranji,16.69311,74.45927
124,Tirupati,13.63194,79.41818
125,Karnal,29.68591,76.98935
126,Bathinda,30.2114,74.94523
127,Rampur,28.77825,79.02556
128,Shivamogga,13.9448,75.56668
129,Ratlam,23.33363,75.04472
130,Modinagar,28.83624,77.57679
131,Durg,21.19918,81.28967
132,Shillong,25.58228,91.88588
133,Imphal,24.80756,93.92864
134,Hapur,28.73868,77.79194
135,Ranipet,12.95148,79.47278
136,Anantapur,14.68352,77.58195
137,Arrah,25.5582,84.67778
138,Karimnagar,18.43717,79.13124
139,Parbhani,19.26078,76.77693
140,Etawah,26.78196,79.02845
141,Bharatpur,27.21087,77.48153
142,Begusarai,25.42442,86.13367
143,New Delhi,28.63097,77.2172
144,Chhapra,25.78194,84.743
145,Kadapa,14.46734,78.85423
146,Ramagundam,18.75656,79.48425
147,Pali,25.78886,73.3286
148,Satna,24.5761,80.80066
149,Vizianagaram,18.11825,83.41798
150,Katihar,25.55696,87.5566
151,Hardwar,25.15979,80.00054
152,Sonipat,28.9953,77.02214
153,Nagercoil,8.16869,77.43174
154,Thanjavur,10.76864,79.12901
155,Murwara (Katni),23.82166,80.39913
156,Naihati,22.89576,88.42876
157,Sambhal,28.58438,78.57182
158,Nadiad,22.69788,72.85642
159,Yamunanagar,30.14673,77.28961
160,English Bazar,25.01094,88.14053
161,Eluru,16.71811,81.11365
162,Munger,25.36556,86.48767
163,Panchkula,30.70457,76.86396
164,Raayachuru,16.20333,77.34489
165,Panvel,18.99821,73.12315
166,Deoghar,24.48909,86.6995
167,Ongole,15.51761,80.0599
168,Nandyal,15.47033,78.47094
169,Morena,26.49052,77.98572
170,Bhiwani,28.7956,76.14621
171,Porbandar,21.64481,69.62102
172,Palakkad,10.77581,76.65813
173,Anand,22.56831,72.97794
174,Purnia,25.77687,87.47435
175,Baharampur,24.10042,88.24071
176,Barmer,25.75199,71.41381
177,Morvi,22.80779,70.82353
178,Orai,25.98665,79.45085
179,Bahraich,27.57684,81.60251
180,Sikar,27.61456,75.14116
181,Vellore,12.91354,79.13249
182,Singrauli,24.19468,82.6656
183,Khammam,17.25163,80.15729
184,Mahesana,23.60599,72.37562
185,Silchar,24.81277,92.79759
186,Sambalpur,21.47796,83.97526
187,Rewa,24.52611,81.30245
188,Unnao,26.54635,80.48631
189,Hugli-Chinsurah,22.90353,88.38261
190,Raiganj,25.61956,88.12638
191,Phusro,23.76511,85.99124
192,Adityapur,22.76996,86.10293
193,Alappuzha,9.5013,76.33233
194,Bahadurgarh,28.69381,76.93274
195,Machilipatnam,16.18177,81.12952
196,Rae Bareli,26.22099,81.25568
197,Jalpaiguri,26.52422,88.7198
198,Bharuch,21.71792,72.99727
199,Pathankot,32.27054,75.64904
200,Hoshiarpur,31.5324,75.90528
201,Baramula,34.20448,74.35682
202,Adoni,15.62284,77.27013
203,Jind,29.31646,76.32079
204,Tonk,26.16113,75.78625
205,Tenali,16.2401,80.64876
206,Kancheepuram,12.82425,79.70112
207,Vapi,20.37172,72.90909
208,Sirsa,29.53957,75.03103
209,Navsari,20.94019,72.93886
210,Mahbubnagar,16.74834,77.9961
211,Puri,19.80804,85.83353
212,Robertson Pet,12.93711,78.27279
213,Erode,11.34065,77.71723
214,Batala,31.82206,75.20287
215,Haldwani-cum-Kathgodam,29.21459,79.52826
216,Vidisha,23.52142,77.80641
217,Saharsa,25.87723,86.59285
218,Thanesar,29.97542,76.82948
219,Chittoor,13.20604,79.08833
220,Veraval,20.92202,70.36447
221,Lakhimpur,27.94814,80.77777
222,Sitapur,27.55901,80.69623
223,Hindupur,13.83329,77.49391
224,Santipur,23.24864,88.43517
225,Balurghat,25.2398,88.78377
226,Ganjbasoda,23.86067,77.90921
227,Moga,30.81892,75.1777
228,Proddatur,14.75598,78.54475
229,Srinagar,34.08442,74.7991
230,Medinipur,22.422,87.32904
231,Habra,22.84669,88.66182
232,Sasaram,24.9546,84.01767
233,Hajipur,25.70281,85.22172
234,Bhuj,23.2494,69.67394
235,Shivpuri,25.41923,77.65541
236,Ranaghat,23.17516,88.56187
237,Shimla,31.10326,77.15844
238,Tiruvannamalai,12.23526,79.07481
239,Kaithal,29.79742,76.37763
240,Rajnandgaon,21.09755,81.03435
241,Godhra,22.77896,73.62071
242,Hazaribag,23.99885,85.36735
243,Bhimavaram,16.5416,81.52793
244,Mandsaur,24.07259,75.066
245,Dibrugarh,27.48439,94.92311
246,Kolar,13.13631,78.13258
247,Bankura,23.23471,87.06737
248,Mandya,12.52739,76.89468
249,Dehri-on-Sone,24.89444,84.16841
250,Madanapalle,13.56445,78.49937
251,Malerkotla,30.53107,75.88871
252,Lalitpur,27.66617,85.30975
253,Bettiah,26.80352,84.52511
254,Pollachi,10.65951,77.00751
255,Khanna,30.70793,76.21411
256,Neemuch,24.45854,74.86246
257,Palwal,28.14264,77.33442
258,Palanpur,24.17129,72.42748
259,Guntakal,15.16042,77.37922
260,Nabadwip,23.41035,88.37
261,Udupi,13.33694,74.74469
262,Jagdalpur,19.08533,82.0183
263,Motihari,26.65164,84.9152
264,Pilibhit,28.6267,79.80514
265,Dimapur,25.91397,93.7285
266,Mohali,30.70346,76.69161
267,Sadulpur,26.78954,72.16695
268,Rajapalayam,9.44479,77.55405
269,Dharmavaram,14.41328,77.71049
270,Kashipur,29.20915,78.96376
271,Sivakasi,9.46042,77.79946
272,Darjiling,27.03937,88.26382
273,Chikkamagaluru,13.32335,75.77362
274,Gudivada,16.43224,81.00606
275,Baleshwar Town,21.4892,86.94441
276,Mancherial,18.87653,79.44493
277,Srikakulam,18.30781,83.8947
278,Adilabad,19.67714,78.53308
279,Yavatmal,20.38967,78.12734
280,Barnala,30.3639,75.52574
281,Nagaon,26.34949,92.68462
282,Narasaraopet,16.2366,80.05551
283,Raigarh,21.89623,83.39413
284,Roorkee,29.86233,77.88893
285,Valsad,20.60651,72.93136
286,Ambikapur,23.13338,83.17863
287,Giridih,24.18711,86.30464
288,Chandausi,28.45688,78.78296
289,Purulia,23.33298,86.36696
290,Patan,23.85235,72.13896
291,Bagaha,27.11059,84.08523
292,Hardoi ,27.39739,80.12614
293,Achalpur,21.25512,77.51181
294,Osmanabad,18.1853,76.04073
295,Deesa,24.25817,72.19072
296,Nandurbar,21.36849,74.24551
297,Azamgarh,26.07361,83.18596
298,Ramgarh,23.63298,85.51231
299,Firozpur,30.9492,74.76357
300,Baripada Town,38.89037,-77.03196
301,Karwar,14.81832,74.13453
302,Siwan,26.22424,84.3603
303,Rajampet,14.20388,79.14972
304,Pudukkottai,10.38518,78.79233
305,Anantnag,33.72988,75.15084
306,Tadpatri,14.91845,77.99924
307,Satara,17.68631,74.00803
308,Bhadrak,21.06327,86.49953
309,Kishanganj,26.10265,87.94312
310,Suryapet,17.15349,79.62007
311,Wardha,20.73545,78.59485
312,Ranebennuru,14.57207,75.69275
313,Amreli,21.60517,71.21625
314,Neyveli (TS),11.62447,79.4645
315,Jamalpur,23.06973,87.98942
316,Marmagao,38.89037,-77.03196
317,Udgir,18.39323,77.11366
318,Tadepalligudem,16.814,81.52708
319,Nagapattinam,10.7769,79.84062
320,Buxar,25.57225,83.97208
321,Aurangabad,19.87016,75.346
322,Jehanabad,25.21343,84.98535
323,Phagwara,31.22453,75.76915
324,Khair,27.94025,77.84541
325,Sawai Madhopur,26.01052,76.35776
326,Kapurthala,31.37775,75.39097
327,Chilakaluripet,16.10038,80.16134
328,Aurangabad,19.87016,75.346
329,Malappuram,11.13302,76.15555
330,Rewari,28.20085,76.61068
331,Nagaur,27.20166,73.73202
332,Sultanpur,26.25824,82.0681
333,Nagda,23.45225,75.4183
334,Port Blair,11.6638,92.73498
335,Lakhisarai,25.16772,86.09556
336,Panaji,15.45846,73.80564
337,Tinsukia,27.48771,95.35682
338,Itarsi,22.6132,77.77594
339,Kohima,25.66288,94.09311
340,Balangir,20.7064,83.48973
341,Nawada,24.8867,85.54393
342,Jharsuguda,21.86528,84.02454
343,Jagtial,18.78827,78.91405
344,Viluppuram,11.9379,79.5019
345,Amalner,21.04209,75.06307
346,Zirakpur,30.65835,76.82092
347,Tanda,26.54921,82.65812
348,Tiruchengode,11.38037,77.89507
349,Nagina,29.43435,78.43173
350,Yemmiganur,15.77193,77.47888
351,Vaniyambadi,12.68608,78.61957
352,Sarni,22.1072,78.17477
353,Theni Allinagaram,10.01094,77.44566
354,Margao,15.2747,73.98012
355,Akot,21.09742,77.05497
356,Sehore,23.20106,77.07711
357,Mhow Cantonment,25.33444,82.97839
358,Kot Kapura,30.58409,74.82514
359,Makrana,27.03149,74.72553
360,Pandharpur,17.66675,75.31331
361,Miryalaguda,16.86095,79.5528
362,Shamli,29.44477,77.31707
363,Seoni,22.08386,79.54779
364,Ranibennur,14.61968,75.62818
365,Kadiri,14.11197,78.16147
366,Shrirampur,19.61944,74.65683
367,Rudrapur,28.98111,79.40148
368,Parli,18.84323,76.51987
369,Najibabad,29.60416,78.33406
370,Nirmal,19.08685,78.33975
371,Udhagamandalam,11.40556,76.70051
372,Shikohabad,27.11429,78.58954
373,Jhumri Tilaiya,24.43413,85.52845
374,Aruppukkottai,9.5028,78.11146
375,Ponnani,10.76724,75.9362
376,Jamui,24.92142,86.22538
377,Sitamarhi,26.5797,85.50934
378,Chirala,15.82748,80.35564
379,Anjar,23.11211,70.02414
380,Karaikal,10.92549,79.83228
381,Hansi,29.09591,75.96788
382,Anakapalle,17.68977,83.00222
383,Mahasamund,21.1111,82.09559
384,Faridkot,30.65548,74.76948
385,Saunda,23.66222,85.338
386,Dhoraji,21.73393,70.45016
387,Paramakudi,9.54205,78.59099
388,Balaghat,21.81664,80.18473
389,Sujangarh,27.70746,74.4595
390,Khambhat,22.32403,72.62117
391,Muktsar,30.47506,74.51941
392,Rajpura,30.47588,76.58966
393,Kavali,14.91288,79.99058
394,Dhamtari,20.70647,81.5494
395,Ashok Nagar,12.97058,77.60917
396,Sardarshahar,28.44254,74.49593
397,Mahuva,21.09192,71.76915
398,Bargarh,21.33767,83.62123
399,Kamareddy,18.33272,78.34374
400,Sahibganj,25.24196,87.63777
401,Kothagudem,17.5433,80.619
402,Ramanagaram,12.71533,77.27396
403,Gokak,16.16506,74.82464
404,Tikamgarh,24.74429,78.83302
405,Araria,26.13289,87.45705
406,Rishikesh,30.08645,78.26657
407,Shahdol,23.62045,81.47451
408,Medininagar (Daltonganj),24.03899,84.07679
409,Arakkonam,13.07933,79.66644
410,Washim,20.10821,77.14092
411,Sangrur,30.25108,75.83437
412,Bodhan,18.65457,77.89301
413,Fazilka,30.40896,74.03481
414,Palacole,16.51828,81.72537
415,Keshod,21.30126,70.25073
416,Sullurpeta,13.70146,80.01845
417,Wadhwan,22.70941,71.67967
418,Gurdaspur,32.04088,75.40136
419,Vatakara,11.59479,75.59471
420,Tura,47.61168,19.59857
421,Narnaul,28.05378,76.10546
422,Kharar,30.74949,76.64166
423,Yadgir,16.76094,77.13667
424,Ambejogai,18.72085,76.37143
425,Ankleshwar,21.63526,73.01752
426,Savarkundla,21.34028,71.32037
427,Paradip,20.28623,86.64209
428,Virudhachalam,11.51604,79.32668
429,Kanhangad,12.32419,75.08527
430,Kadi,23.29683,72.33692
431,Srivilliputhur,9.5123,77.63271
432,Gobindgarh,30.32476,78.01849
433,Tindivanam,12.22681,79.65085
434,Mansa,23.42609,72.65793
435,Taliparamba,12.04184,75.36892
436,Manmad,20.25275,74.43722
437,Tanuku,16.76436,81.67882
438,Rayachoti,14.05856,78.75196
439,Virudhunagar,9.58919,77.95368
440,Koyilandy,11.43071,75.69996
441,Jorhat,26.76765,94.20651
442,Karur,10.95921,78.07722
443,Valparai,10.32695,76.95509
444,Srikalahasti,13.75178,79.70711
445,Neyyattinkara,8.39905,77.08795
446,Bapatla,15.90726,80.47715
447,Fatehabad,29.51388,75.44979
448,Malout,30.20538,74.49415
449,Sankarankovil,9.17763,77.53518
450,Tenkasi,8.9635,77.30821
451,Ratnagiri,16.99214,73.2919
452,Rabkavi Banhatti,16.47799,75.12304
453,Sikandrabad,28.44985,77.69648
454,Chaibasa,22.54577,85.80507
455,Chirmiri,23.1785,82.35231
456,Palwancha,17.59847,80.70547
457,Bhawanipatna,19.90585,83.1613
458,Kayamkulam,9.16981,76.49895
459,Pithampur,22.61495,75.69199
460,Nabha,30.3708,76.15247
461,"Shahabad, Hardoi",27.64281,79.94611
462,Dhenkanal,20.82693,85.53075
463,Uran Islampur,17.0508,74.26841
464,Gopalganj,23.02658,89.83412
465,Bongaigaon City,26.46936,90.56083
466,Palani,10.46158,77.51865
467,Pusad,19.91042,77.56779
468,Sopore,34.24372,74.44659
469,Pilkhuwa,28.71562,77.65587
470,Tarn Taran,31.45959,74.92212
471,Renukoot,24.21029,83.03781
472,Mandamarri,18.98794,79.48176
473,Shahabad,30.16454,76.86337
474,Barbil,22.10371,85.38375
475,Koratla,18.82211,78.72527
476,Madhubani,26.35503,86.07316
477,Arambagh,22.87921,87.79058
478,Gohana,29.13641,76.7022
479,Ladnu,27.6328,74.39111
480,Pattukkottai,10.42286,79.31952
481,Sirsi,14.6208,74.83325
482,Sircilla,18.39126,78.80936
483,Tamluk,22.29108,87.92324
484,Jagraon,30.80243,75.46728
485,AlipurdUrban Agglomerationr,38.89037,-77.03196
486,Alirajpur,22.30594,74.35548
487,Tandur,17.2578,77.58791
488,Naidupet,16.26744,80.35597
489,Tirupathur,12.49519,78.56801
490,Tohana,29.72272,75.90719
491,Ratangarh,28.07769,74.61964
492,Dhubri,26.02571,89.9721
493,Masaurhi,25.35927,85.0398
494,Visnagar,23.70434,72.54528
495,Vrindavan,27.56162,77.68258
496,Nokha,27.55792,73.47387
497,Nagari,13.32141,79.58571
498,Narwana,29.59742,76.11576
499,Ramanathapuram,9.36025,78.83724
500,Ujhani,28.00538,78.99855
501,Samastipur,25.86357,85.77874
502,Laharpur,27.71181,80.89944
503,Sangamner,19.59567,74.19427
504,Nimbahera,24.6207,74.68508
505,Siddipet,18.10342,78.84708
506,Suri,23.90365,87.52777
507,Diphu,25.84703,93.42487
508,Jhargram,22.44972,86.99701
509,Shirpur-Warwade,21.35561,74.88697
510,Tilhar,27.9629,79.73775
511,Sindhnur,15.77024,76.75582
512,Udumalaipettai,10.58596,77.25068
513,Malkapur,20.89014,76.20135
514,Wanaparthy,16.36144,78.06529
515,Gudur,14.14746,79.84709
516,Kendujhar,21.53762,85.70484
517,Mandla,22.60958,80.37007
518,Mandi,31.70922,76.93197
519,Nedumangad,8.60332,77.00247
520,North Lakhimpur,27.2287,94.0947
521,Vinukonda,16.04974,79.74054
522,Tiptur,13.261,76.46573
523,Gobichettipalayam,11.45501,77.43671
524,Sunabeda,18.74299,82.83133
525,Wani,20.05793,78.95201
526,Upleta,21.74217,70.27737
527,Narasapuram,16.44988,81.6992
528,Nuzvid,16.78503,80.85168
529,Tezpur,26.62087,92.79397
530,Una,31.46903,76.27146
531,Markapur,15.73587,79.26917
532,Sheopur,25.67335,76.69655
533,Thiruvarur,10.77342,79.63663
534,Sidhpur,23.91505,72.37292
535,Sahaswan,28.06688,78.74862
536,Suratgarh,29.31049,73.89824
537,Shajapur,23.41999,76.28085
538,Rayagada,19.17323,83.4122
539,Lonavla,18.75427,73.40681
540,Ponnur,16.06621,80.55152
541,Kagaznagar,19.34957,79.48057
542,Gadwal,16.23422,77.79971
543,Bhatapara,21.73328,81.94602
544,Kandukur,17.07798,78.47415
545,Sangareddy,17.62515,78.08236
546,Unjha,23.79869,72.38716
547,Lunglei,22.87654,92.75184
548,Karimganj,24.86013,92.3765
549,Kannur,11.87482,75.37628
550,Bobbili,18.57327,83.35878
551,Mokameh,25.38309,85.90961
552,Talegaon Dabhade,18.73413,73.68334
553,Anjangaon,21.1699,77.30953
554,Mangrol,21.47978,72.97848
555,Sunam,30.12092,75.80908
556,Gangarampur,25.40521,88.52483
557,Thiruvallur,13.12466,79.91844
558,Tirur,10.91458,75.92206
559,Rath,25.59157,79.56909
560,Jatani,20.16545,85.69564
561,Viramgam,23.13332,72.04141
562,Rajsamand,25.05946,73.88316
563,Yanam,16.73042,82.22375
564,Kottayam,9.59476,76.53296
565,Panruti,11.77195,79.55332
566,Dhuri,30.37375,75.86248
567,Namakkal,11.21941,78.16773
568,Kasaragod,12.51143,74.98361
569,Modasa,23.46184,73.29738
570,Rayadurg,14.70261,76.85556
571,Supaul,26.1153,86.59543
572,Kunnamkulam,10.65024,76.07002
573,Umred,20.84891,79.32685
574,Bellampalle,19.07076,79.49254
575,Sibsagar,26.99598,94.60904
576,Mandi Dabwali,29.9596,74.71711
577,Ottappalam,10.77297,76.37801
578,Dumraon,25.55888,84.1461
579,Samalkot,25.38439,82.62466
580,Jaggaiahpet,16.8926,80.09754
581,Goalpara,26.05502,90.6048
582,Tuni,17.36175,82.54631
583,Lachhmangarh,27.82287,75.02593
584,Bhongir,17.51484,78.88389
585,Amalapuram,16.57996,82.00455
586,Firozpur Cantt.,30.92613,74.61398
587,Vikarabad,17.33671,77.90484
588,Thiruvalla,9.39969,76.56459
589,Sherkot,29.32576,78.56875
590,Palghar,19.70023,72.77104
591,Shegaon,20.79561,76.69076
592,Jangaon,17.72323,79.16095
593,Bheemunipatnam,17.88938,83.45031
594,Panna,24.70793,80.17652
595,Thodupuzha,9.89824,76.71397
596,KathUrban Agglomeration,38.89037,-77.03196
597,Palitana,21.52728,71.82319
598,Arwal,25.24546,84.6638
599,Venkatagiri,13.95705,79.59629
600,Kalpi,26.11348,79.73523
601,Rajgarh (Churu),28.63094,75.38221
602,Sattenapalle,16.39396,80.15454
603,Arsikere,13.31432,76.25568
604,Ozar,20.09691,73.92601
605,Thirumangalam,9.82624,77.9903
606,Petlad,22.48044,72.80147
607,Nasirabad,26.30179,74.73408
608,Phaltan,17.9891,74.4301
609,Rampurhat,24.17639,87.79183
610,Nanjangud,12.11665,76.67396
611,Forbesganj,26.30506,87.26925
612,Tundla,27.22743,78.24301
613,BhabUrban Agglomeration,26.25374,85.02945
614,Sagara,32.23537,130.79778
615,Pithapuram,17.11816,82.25621
616,Sira,13.74416,76.90265
617,Bhadrachalam,17.65121,80.90548
618,Charkhi Dadri,28.62905,76.21785
619,Chatra,24.20418,84.8719
620,Palasa Kasibugga,18.75942,84.42007
621,Nohar,29.18701,74.77215
622,Yevla,20.04344,74.48395
623,Sirhind Fatehgarh Sahib,30.63032,76.38966
624,Bhainsa,19.10868,77.96101
625,Parvathipuram,18.78255,83.42688
626,Shahade,21.5352,74.47365
627,Chalakudy,10.30098,76.3333
628,Narkatiaganj,27.10549,84.46712
629,Kapadvanj,23.02084,73.06846
630,Macherla,16.47585,79.43666
631,Raghogarh-Vijaypur,24.47857,77.15361
632,Rupnagar,30.97297,76.53273
633,Naugachhia,25.3918,87.07632
634,Sendhwa,21.68689,75.09854
635,Byasanagar,20.95551,86.12668
636,Sandila,27.06156,80.51036
637,Gooty,15.11943,77.63523
638,Salur,18.51792,83.20156
639,Nanpara,27.86498,81.50242
640,Sardhana,29.14312,77.60821
641,Vita,37.87162,12.82239
642,Gumia,23.80253,85.83415
643,Puttur,12.76191,75.2027
644,Jalandhar Cantt.,31.28888,75.61967
645,Nehtaur,29.32752,78.3851
646,Changanassery,9.45134,76.54525
647,Mandapeta,16.86753,81.9267
648,Dumka,24.26838,87.24887
649,Seohara,29.20498,78.58466
650,Umarkhed,19.6007,77.6883
651,Madhupur,24.27177,86.64406
652,Vikramasingapuram,8.71645,77.39077
653,Punalur,9.01744,76.92628
654,Kendrapara,20.50612,86.42107
655,Sihor,21.71491,71.95731
656,Nellikuppam,12.75247,80.10648
657,Samana,30.14783,76.20578
658,Warora,20.2346,79.01274
659,Nilambur,11.27936,76.23103
660,Rasipuram,11.45827,78.18881
661,Ramnagar,29.3934,79.12606
662,Jammalamadugu,14.83996,78.38824
663,Nawanshahr,31.12446,76.11854
664,Thoubal,24.64331,93.99715
665,Athni,16.72644,75.06556
666,Cherthala,9.69093,76.33775
667,Sidhi,24.21345,81.82594
668,Farooqnagar,17.06807,78.20476
669,Peddapuram,17.08017,82.13674
670,Chirkunda,23.74196,86.79569
671,Pachora,20.66571,75.34589
672,Madhepura,25.91635,86.79344
673,Pithoragarh,29.58519,80.21629
674,Tumsar,21.38422,79.7519
675,Phalodi,27.1201,72.38166
676,Tiruttani,13.08419,79.6591
677,Rampura Phul,30.2724,75.23897
678,Perinthalmanna,10.97089,76.22743
679,Padrauna,26.90166,83.98379
680,Pipariya,22.75387,78.35674
681,Dalli-Rajhara,20.58257,81.07147
682,Punganur,13.36525,78.57073
683,Mattannur,11.93163,75.57214
684,Mathura,27.49193,77.67407
685,Thakurdwara,29.18822,78.8646
686,Nandivaram-Guduvancheri,12.83953,80.04388
687,Mulbagal,13.16388,78.39349
688,Manjlegaon,19.16038,76.20772
689,Wankaner,22.61662,70.95377
690,Sillod,20.3018,75.65222
691,Nidadavole,16.9053,81.67397
692,Surapura,27.71005,73.44611
693,Rajagangapur,22.19256,84.5883
694,Sheikhpura,25.14192,85.86284
695,Parlakhemundi,18.7786,84.09334
696,Kalimpong,27.067,88.47008
697,Siruguppa,15.63057,76.89286
698,Arvi,21.00375,78.22844
699,Limbdi,22.5689,71.80766
700,Barpeta,26.31282,91.00251
701,Manglaur,29.79395,77.87418
702,Repalle,16.01856,80.82873
703,Mudhol,16.33732,75.282
704,Shujalpur,23.40676,76.70911
705,Mandvi,22.8347,69.34785
706,Thangadh,22.58455,71.20479
707,Sironj,24.1019,77.69153
708,Nandura,20.8375,76.461
709,Shoranur,10.75757,76.26935
710,Nathdwara,24.93963,73.82018
711,Periyakulam,10.12356,77.5476
712,Sultanganj,25.24318,86.74446
713,Medak,18.04768,78.26682
714,Narayanpet,16.74752,77.4959
715,Raxaul Bazar,26.98826,84.85499
716,Rajauri,33.36913,74.31664
717,Pernampattu,12.93563,78.71778
718,Nainital,29.39368,79.45178
719,Ramachandrapuram,16.83232,82.03506
720,Vaijapur,19.92509,74.72936
721,Nangal,31.37457,76.37523
722,Sidlaghatta,13.39187,77.86345
723,Punch,33.5505,74.2189
724,Pandhurna,21.59428,78.52693
725,Wadgaon Road,20.36578,78.12507
726,Talcher,20.94748,85.2254
727,Varkala,8.73833,76.71922
728,Pilani,28.36137,75.60037
729,Nowgong,25.06355,79.43825
730,Naila Janjgir,22.01177,82.57615
731,Mapusa,15.59867,73.80953
732,Vellakoil,10.95108,77.71345
733,Merta City,26.65062,74.03732
734,Sivaganga,9.85021,78.4856
735,Mandideep,23.08367,77.52754
736,Sailu,19.45854,76.43424
737,Vyara,21.10816,73.39483
738,Kovvur,17.02285,81.7254
739,Vadalur,11.57031,79.5348
740,Nawabganj,26.94092,81.20257
741,Padra,22.24099,73.08343
742,Sainthia,23.94869,87.68153
743,Siana,28.62607,78.06419
744,Shahpur,22.19706,77.90423
745,Sojat,25.91931,73.67648
746,Noorpur,29.15042,78.40964
747,Paravoor,10.13556,76.23929
748,Murtijapur,20.73659,77.36561
749,Ramnagar,29.3934,79.12606
750,Sundargarh,22.11958,84.04161
751,Taki,34.49613,136.54615
752,Saundatti-Yellamma,15.76666,75.11161
753,Pathanamthitta,9.26457,76.78669
754,Wadi,-31.06504,29.73761
755,Rameshwaram,9.27284,79.30895
756,Tasgaon,17.03664,74.5999
757,Sikandra Rao,27.69208,78.37258
758,Sihora,23.43185,80.08623
759,Tiruvethipuram,12.66671,79.53986
760,Tiruvuru,17.09732,80.61572
761,Mehkar,20.15012,76.57118
762,Peringathur,11.71842,75.57739
763,Perambalur,11.2341,78.88024
764,Manvi,15.99917,77.04235
765,Zunheboto,26.00609,94.48895
766,Mahnar Bazar,25.62822,85.42866
767,Attingal,8.69575,76.81653
768,Shahbad,25.15163,77.01861
769,Puranpur,28.5113,80.14777
770,Nelamangala,13.10048,77.39093
771,Nakodar,31.12422,75.47626
772,Lunawada,23.12645,73.60873
773,Murshidabad,24.17314,88.23203
774,Mahe,11.69938,75.53452
775,Lanka,25.91815,92.95672
776,Rudauli,26.74881,81.74679
777,Tuensang,26.23347,94.81149
778,Lakshmeshwar,15.12733,75.46773
779,Zira,30.97012,74.9841
780,Yawal,21.17036,75.70106
781,Thana Bhawan,29.58835,77.42046
782,Ramdurg,15.9453,75.29679
783,Pulgaon,20.7243,78.3232
784,Sadasivpet,17.61578,77.95059
785,Nargund,15.71939,75.38649
786,Neem-Ka-Thana,27.73665,75.77572
787,Memari,23.17038,88.09653
788,Nilanga,18.12975,76.74882
789,Naharlagun,27.10838,93.69792
790,Pakaur,24.63681,87.84718
791,Wai,17.94736,73.88801
792,Tarikere,13.70831,75.81793
793,Malavalli,12.38213,77.06132
794,Raisen,23.33011,77.78448
795,Lahar,26.18934,78.94518
796,Uravakonda,14.94258,77.25811
797,Savanur,14.97405,75.33926
798,Sirohi,24.8903,72.85645
799,Udhampur,32.91978,75.1284
800,Umarga,17.83723,76.62664
801,Pratapgarh,25.89549,81.94783
802,Lingsugur,16.15657,76.52502
803,Usilampatti,9.966,77.78891
804,Palia Kalan,28.42542,80.57853
805,Wokha,26.09274,94.25621
806,Rajpipla,21.87437,73.50254
807,Vijayapura,16.8282,75.71352
808,Rawatbhata,24.93497,75.59062
809,Sangaria,29.79515,74.46602
810,Paithan,19.47498,75.38533
811,Rahuri,19.39094,74.64771
812,Patti,38.13852,14.96667
813,Zaidpur,26.82961,81.32559
814,Lalsot,26.56345,76.32965
815,Maihar,24.25997,80.7621
816,Vedaranyam,10.40463,79.80447
817,Nawapur,21.1613,73.79405
818,Solan,30.91888,77.09764
819,Vapi,20.37172,72.90909
820,Sanawad,22.17735,76.06957
821,Warisaliganj,25.01235,85.63931
822,Revelganj,25.7801,84.66734
823,Sabalgarh,26.25038,77.40993
824,Tuljapur,18.01376,76.07125
825,Simdega,22.61049,84.50165
826,Musabani,22.51473,86.45812
827,Kodungallur,10.22031,76.19682
828,Phulabani,20.547,84.3055
829,Umreth,22.70434,73.11662
830,Narsipatnam,17.6668,82.6095
831,Nautanwa,27.42922,83.42065
832,Rajgir,25.02756,85.42374
833,Yellandu,17.59099,80.32066
834,Sathyamangalam,11.50521,77.24621
835,Pilibanga,29.48972,74.07711
836,Morshi,21.32977,78.01173
837,Pehowa,29.98068,76.58503
838,Sonepur,25.70599,85.1492
839,Pappinisseri,11.94129,75.35299
840,Zamania,25.41793,83.56159
841,Mihijam,23.86829,86.87194
842,Purna,19.18354,77.03009
843,Puliyankudi,9.17404,77.3954
844,"Shikarpur, Bulandshahr",28.07056,78.12227
845,Umaria,23.55376,80.97219
846,Porsa,26.67194,78.37053
847,Naugawan Sadat,29.0115,78.40237
848,Fatehpur Sikri,24.60243,85.17903
849,Manuguru,17.93089,80.81297
850,Udaipur,24.58702,73.69845
851,Pipar City,26.38299,73.54039
852,Pattamundai,20.58345,86.56196
853,Nanjikottai,10.73666,79.13105
854,Taranagar,28.67138,75.0321
855,Yerraguntla,14.63695,78.54145
856,Satana,24.5761,80.80066
857,Sherghati,24.56779,84.80039
858,Sankeshwara,16.25961,74.48552
859,Madikeri,12.424,75.73172
860,Thuraiyur,11.14506,78.59346
861,Sanand,22.98842,72.38665
862,Rajula,21.0389,71.44489
863,Kyathampalle,18.92853,79.47614
864,"Shahabad, Rampur",28.56336,79.01112
865,Tilda Newra,21.5554,81.79175
866,Narsinghgarh,23.71013,77.08988
867,Chittur-Thathamangalam,10.68358,76.71208
868,Malaj Khand,22.05147,80.71523
869,Sarangpur,23.57255,76.47336
870,Robertsganj,24.68824,83.06501
871,Sirkali,11.22454,79.73857
872,Radhanpur,23.82961,71.61457
873,Tiruchendur,8.49639,78.12185
874,Utraula,27.31009,82.41349
875,Patratu,23.63569,85.29585
876,"Vijainagar, Ajmer",25.92903,74.6477
877,Periyasemur,11.36383,77.6924
878,Pathri,19.26194,76.43659
879,Sadabad,27.44118,78.03732
880,Talikota,16.47715,76.30763
881,Sinnar,19.84369,73.99385
882,Mungeli,22.06622,81.68623
883,Sedam,17.17459,77.27953
884,Shikaripur,27.95571,68.64851
885,Sumerpur,25.14547,73.08961
886,Sattur,9.35458,77.91977
887,Sugauli,26.76212,84.74339
888,Lumding,25.75079,93.17871
889,Vandavasi,12.50697,79.60343
890,Titlagarh,20.2901,83.1512
891,Uchgaon,16.6938,74.26671
892,Mokokchung,26.47961,94.53792
893,Paschim Punropara,24.59284,88.00528
894,Sagwara,23.66382,74.0111
895,Ramganj Mandi,24.64618,75.94528
896,Tarakeswar,22.88305,88.01429
897,Mahalingapura,10.66932,77.01975
898,Dharmanagar,24.37691,92.16067
899,Mahemdabad,25.35987,85.70267
900,Manendragarh,23.21327,82.19355
901,Uran,18.87875,72.93932
902,Tharamangalam,11.69446,77.96649
903,Tirukkoyilur,11.96698,79.20603
904,Pen,18.7349,73.09258
905,Makhdumpur,25.07054,84.97178
906,Maner,25.65063,84.88832
907,Oddanchatram,10.48631,77.7477
908,Palladam,10.99379,77.2831
909,Mundi,22.06582,76.49361
910,Nabarangapur,19.23348,82.54784
911,Mudalagi,16.33749,74.96763
912,Samalkha,29.24172,77.00433
913,Nepanagar,21.44848,76.44228
914,Karjat,18.91851,73.31978
915,Ranavav,21.69861,69.7208
916,Pedana,16.29519,81.20337
917,Pinjore,30.79929,76.91378
918,Lakheri,25.66762,76.18959
919,Pasan,1.02335,124.75164
920,Puttur,12.76191,75.2027
921,Vadakkuvalliyur,8.38484,77.60969
922,Tirukalukundram,12.60976,80.05686
923,Mahidpur,23.48766,75.6592
924,Mussoorie,30.45543,78.0739
925,Muvattupuzha,9.9823,76.57947
926,Rasra,25.86138,83.85687
927,Udaipurwati,27.74191,75.46985
928,Manwath,19.29953,76.49418
929,Adoor,9.15348,76.7338
930,Uthamapalayam,9.80547,77.33392
931,Partur,19.59016,76.2127
932,Nahan,30.5603,77.29561
933,Ladwa,29.99551,77.04882
934,Mankachar,25.53538,89.86204
935,Nongstoin,25.51965,91.26728
936,Losal,27.40027,74.9179
937,Sri Madhopur,27.46489,75.59784
938,Ramngarh,26.94762,75.84881
939,Mavelikkara,9.25135,76.54142
940,Rawatsar,29.26438,74.4032
941,Rajakhera,26.89843,78.16978
942,Lar,34.21736,74.76563
943,Lal Gopalganj Nindaura,25.63266,81.62128
944,Muddebihal,16.33671,76.13352
945,Sirsaganj,27.05678,78.68585
946,Shahpura,27.38515,75.96482
947,Surandai,8.97712,77.42018
948,Sangole,17.44271,75.19539
949,Pavagada,14.09845,77.28138
950,Tharad,24.39087,71.62939
951,Mansa,23.42609,72.65793
952,Umbergaon,20.19508,72.75157
953,Mavoor,11.26148,75.95392
954,Nalbari,26.4446,91.43824
955,Talaja,21.3516,72.03647
956,Malur,13.00526,77.93855
957,Mangrulpir,20.31249,77.34093
958,Soro,55.43279,11.55633
959,Shahpura,27.38515,75.96482
960,Vadnagar,23.78741,72.63354
961,Raisinghnagar,29.53306,73.45105
962,Sindhagi,16.91621,76.23033
963,Sanduru,15.0877,76.54555
964,Sohna,28.24964,77.07484
965,Manavadar,21.49769,70.1376
966,Pihani,27.62505,80.20114
967,Safidon,29.40251,76.65895
968,Risod,19.97806,76.79164
969,Rosera,25.75298,86.02793
970,Sankari,11.47885,77.87927
971,Malpura,26.2938,75.37245
972,Sonamukhi,23.30413,87.41593
973,"Shamsabad, Agra",27.01427,78.1211
974,Nokha,27.55792,73.47387
975,PandUrban Agglomeration,38.89037,-77.03196
976,Mainaguri,26.56688,88.8192
977,Afzalpur,17.20308,76.3593
978,Shirur,18.8278,74.37386
979,Salaya,13.82902,100.29305
980,Shenkottai,8.97575,77.24901
981,Pratapgarh,25.89549,81.94783
982,Vadipatti,10.08358,77.96528
983,Nagarkurnool,16.48687,78.31276
984,Savner,21.38685,78.92143
985,Sasvad,18.34735,74.02899
986,Rudrapur,28.98111,79.40148
987,Soron,27.88606,78.74526
988,Sholingur,13.10451,79.42543
989,Pandharkaoda,20.02438,78.54677
990,Perumbavoor,10.11556,76.47576
991,Maddur,12.58457,77.04221
992,Nadbai,27.21387,77.20326
993,Talode,21.56314,74.21605
994,Shrigonda,18.61214,74.69947
995,Madhugiri,13.66122,77.21666
996,Tekkalakote,15.53458,76.87832
997,Seoni-Malwa,22.45164,77.46592
998,Shirdi,19.76523,74.47416
999,SUrban Agglomerationr,48.94274,4.30977
1000,Terdal,16.49516,75.05081
1001,Raver,21.24331,76.03385
1002,Tirupathur,12.49519,78.56801
1003,Taraori,29.80222,76.94371
1004,Mukhed,18.70776,77.36679
1005,Manachanallur,10.91527,78.70086
1006,Rehli,23.63491,79.06129
1007,Sanchore,24.75356,71.78022
1008,Rajura,19.77912,79.36565
1009,Piro,25.32844,84.40264
1010,Mudabidri,13.06612,74.99087
1011,Vadgaon Kasba,16.836,74.31247
1012,Nagar,19.05626,74.8207
1013,Vijapur,23.56257,72.74409
1014,Viswanatham,9.43347,77.82345
1015,Polur,12.51092,79.12697
1016,Panagudi,8.3246,77.57922
1017,Manawar,22.2375,75.08742
1018,Tehri,30.38218,78.44354
1019,Samdhan,27.13687,79.70285
1020,Pardi,20.51236,72.94843
1021,Rahatgarh,23.7894,78.39541
1022,Panagar,23.28565,79.9948
1023,Uthiramerur,12.6152,79.75892
1024,Tirora,21.4102,79.92809
1025,Rangia,26.43907,91.6177
1026,Sahjanwa,26.76043,83.21427
1027,Wara Seoni,21.76737,80.05706
1028,Magadi,12.9566,77.22731
1029,Rajgarh (Alwar),27.23606,76.62105
1030,Rafiganj,24.81931,84.63558
1031,Tarana,23.33432,76.04144
1032,Rampur Maniharan,29.7169,77.42488
1033,Sheoganj,25.14188,73.05686
1034,Raikot,30.65232,75.59752
1035,Pauri,30.15139,78.77381
1036,Sumerpur,25.14547,73.08961
1037,Navalgund,15.55571,75.35433
1038,Shahganj,26.05905,82.67823
1039,Marhaura,25.97151,84.85659
1040,Tulsipur,28.15346,82.31172
1041,Sadri,25.18657,73.45486
1042,Thiruthuraipoondi,10.53626,79.63478
1043,Shiggaon,14.99195,75.21942
1044,Pallapatti,11.66089,78.13457
1045,Mahendragarh,28.27141,76.15097
1046,Sausar,21.6536,78.80031
1047,Ponneri,13.3281,80.19742
1048,Mahad,18.08124,73.42205
1049,Lohardaga,23.43979,84.68418
1050,Tirwaganj,26.96023,79.79009
1051,Margherita,27.28622,95.67015
1052,Sundarnagar,31.53753,76.89308
1053,Rajgarh,27.23606,76.62105
1054,Mangaldoi,26.43656,92.02773
1055,Renigunta,13.62931,79.51443
1056,Longowal,30.19602,75.67873
1057,Ratia,29.68206,75.57116
1058,Lalgudi,10.87859,78.81705
1059,Shrirangapattana,38.89037,-77.03196
1060,Niwari,25.34976,78.8045
1061,Natham,10.22601,78.22889
1062,Unnamalaikadai,8.3064,77.23974
1063,PurqUrban Agglomerationzi,38.89037,-77.03196
1064,"Shamsabad, Farrukhabad",27.53497,79.43678
1065,Mirganj,28.54815,79.20709
1066,Todaraisingh,26.02391,75.48261
1067,Warhapur,21.32927,78.15102
1068,Rajam,18.45106,83.65037
1069,Urmar Tanda,31.67526,75.63714
1070,Lonar,19.98453,76.52326
1071,Powayan,28.06728,80.09707
1072,P.N.Patti,11.80699,77.82626
1073,Palampur,32.11973,76.53641
1074,Srisailam Project (Right Flank Colony) Township,17.26119,78.4754
1075,Sindagi,18.73685,77.04017
1076,Sandi,36.5947,37.67145
1077,Vaikom,9.74928,76.39669
1078,Malda,41.55083,1.03986
1079,Tharangambadi,11.0272,79.85021
1080,Sakaleshapura,12.94085,75.78161
1081,Lalganj,25.01621,82.35861
1082,Malkangiri,18.35906,81.88701
1083,Rapar,23.57407,70.64712
1084,Mauganj,24.59214,81.78329
1085,Todabhim,26.91685,76.81406
1086,Srinivaspur,13.33798,78.21056
1087,Murliganj,25.89882,86.99291
1088,Reengus,27.3735,75.56439
1089,Sawantwadi,15.90062,73.82283
1090,Tittakudi,11.40079,79.12525
1091,Lilong,24.6815,93.95496
1092,Rajaldesar,28.02699,74.47333
1093,Pathardi,19.17696,75.17458
1094,Achhnera,27.18141,77.75811
1095,Pacode,8.32748,77.22834
1096,Naraura,28.19874,78.38095
1097,Nakur,29.91888,77.30765
1098,Palai,-24.25515,-65.19747
1099,"Morinda, India",30.79417,76.49845
1100,Manasa,23.42609,72.65793
1101,Nainpur,22.42903,80.10546
1102,Sahaspur,29.12249,78.61617
1103,Pauni,20.7926,79.63236
1104,Prithvipur,25.2074,78.7496
1105,Ramtek,21.39508,79.31719
1106,Silapathar,27.59079,94.72457
1107,Songadh,21.16778,73.56559
1108,Safipur,26.74076,80.34892
1109,Sohagpur,23.29373,81.4097
1110,Mul,20.06378,79.67164
1111,Sadulshahar,29.9109,74.17591
1112,Phillaur,31.02304,75.78869
1113,Sambhar,26.91012,75.1859
1114,Prantij,23.43704,72.85725
1115,Nagla,27.89069,78.06008
1116,Pattran,16.14523,81.0449
1117,Mount Abu,24.59147,72.70995
1118,Reoti,25.84559,84.37804
1119,Tenu dam-cum-Kathhara,23.72483,85.84967
1120,Panchla,22.53619,88.13912
1121,Sitarganj,28.92187,79.70886
1122,Pasighat,28.06697,95.3268
1123,Motipur,28.24653,81.51754
1124,O' Valley,53.82739,-1.77341
1125,Raghunathpur,23.54085,86.67125
1126,Suriyampalayam,11.39603,77.6846
1127,Qadian,31.82191,75.37943
1128,Rairangpur,22.24231,86.23928
1129,Silvassa,20.26761,73.00657
1130,Nowrozabad (Khodargama),23.35651,80.98415
1131,Mangrol,21.47978,72.97848
1132,Soyagaon,20.59129,75.6143
1133,Sujanpur,32.31236,75.60136
1134,Manihari,25.34441,87.62346
1135,Sikanderpur,26.04269,84.04747
1136,Mangalvedhe,17.51465,75.44983
1137,Phulera,26.87506,75.23995
1138,Ron,15.69773,75.73268
1139,Sholavandan,10.02065,77.96112
1140,Saidpur,25.54138,83.22615
1141,Shamgarh,24.18851,75.63752
1142,Thammampatti,11.44455,78.48608
1143,Maharajpur,25.01858,79.72746
1144,Multai,21.77504,78.26093
1145,Mukerian,31.95173,75.61246
1146,Sirsi,14.6208,74.83325
1147,Purwa,26.45756,80.77633
1148,Sheohar,26.51373,85.29451
1149,Namagiripettai,11.45684,78.26842
1150,Parasi,25.19216,84.56825
1151,Lathi,21.72893,71.38828
1152,Lalganj,25.01621,82.35861
1153,Narkhed,21.46908,78.52944
1154,Mathabhanga,26.34071,89.20665
1155,Shendurjana,21.52078,78.29336
1156,Peravurani,10.29126,79.19104
1157,Mariani,26.65504,94.3156
1158,Phulpur,25.55278,82.08687
1159,Rania,29.52096,74.83707
1160,Pali,25.78886,73.3286
1161,Pachore,23.71711,76.73393
1162,Parangipettai,11.49646,79.76024
1163,Pudupattinam,10.76609,79.16576
1164,Panniyannur,11.73184,75.54513
1165,Maharajganj,27.14449,83.56236
1166,Rau,22.62829,75.80483
1167,Monoharpur,27.30432,75.95401
1168,Mandawa,28.05488,75.14751
1169,Marigaon,26.25213,92.34157
1170,Pallikonda,12.90462,78.9405
1171,Pindwara,24.79252,73.04564
1172,Shishgarh,28.72925,79.31555
1173,Patur,20.46068,76.9389
1174,Mayang Imphal,24.61739,93.88886
1175,Mhowgaon,22.56384,75.75818
1176,Guruvayoor,10.59527,76.03986
1177,Mhaswad,17.63562,74.78557
1178,Sahawar,27.79374,78.8318
1179,Sivagiri,9.34357,77.43025
1180,Mundargi,15.20854,75.88487
1181,Punjaipugalur,11.07472,78.00814
1182,Kailasahar,24.3183,92.00302
1183,Samthar,25.84609,78.90815
1184,Sakti,22.0231,82.9598
1185,Sadalagi,16.67052,75.34924
1186,Silao,20.94334,-101.42694
1187,Mandalgarh,25.19394,75.07027
1188,Loha,18.95576,77.12296
1189,Pukhrayan,26.22067,79.83585
1190,Padmanabhapuram,8.24168,77.31962
1191,Belonia,23.24987,91.46732
1192,Saiha,22.49006,92.98032
1193,Srirampore,12.99012,77.56656
1194,Talwara,31.94368,75.87603
1195,Puthuppally,9.14724,76.49047
1196,Khowai,24.07104,91.6023
1197,Vijaypur,26.05304,77.36964
1198,Takhatgarh,25.32158,73.00165
1199,Thirupuvanam,10.98876,79.43522
1200,Adra,36.74743,-3.02098
1201,Piriyapatna,12.33761,76.09651
1202,Obra,24.8902,84.37176
1203,Adalaj,23.16914,72.5824
1204,Nandgaon,20.3074,74.65824
1205,Barh,25.46497,85.70828
1206,Chhapra,25.78194,84.743
1207,Panamattom,9.6061,76.73805
1208,Niwai,26.36238,75.92653
1209,Bageshwar,29.83572,79.77163
1210,Tarbha,20.73252,83.67521
1211,Adyar,13.00303,80.25187
1212,Narsinghgarh,23.71013,77.08988
1213,Warud,21.47677,78.26783
1214,Asarganj,25.17508,86.64825
1215,Sarsod,25.68458,75.65414
,,6.48812,2.6138
"For more information, kindly visit :  www.downloadexcelfiles.com ",,6.48812,2.6138
